{"text": "\u7121\u6dfb\u52a0\u306e\u30b7\u30e3\u30dc\u30f3\u7389\u77f3\u9e78\u306a\u3089\u3082\u3046\u5b89\u5fc3\u5929\u7136\u306e\u4fdd\u6e7f\u6210\u5206\u304c\u542b\u307e\u308c\u308b\u305f\u3081\u808c\u306b\u6f64\u3044\u3092\u4e0e\u3048\u5065\u3084\u304b\u306b\u4fdd\u3061\u307e\u3059\u304a\u808c\u306e\u3053\u3068\u3067\u304a\u60a9\u307f\u306e\u65b9\u306f\u305c\u3072\u4e00\u5ea6\u7121\u6dfb\u52a0\u30b7\u30e3\u30dc\u30f3\u7389\u77f3\u9e78\u3092\u304a\u8a66\u3057\u304f\u3060\u3055\u3044\u304a\u6c42\u3081\u306f0120-0055-95\u307e\u3067", "segments": [{"id": 0, "seek": 0, "start": 0.88, "end": 3.8200000000000003, "text": "\u7121\u6dfb\u52a0\u306e\u30b7\u30e3\u30dc\u30f3\u7389\u77f3\u9e78\u306a\u3089\u3082\u3046\u5b89\u5fc3", "tokens": [50409, 16976, 14176, 119, 9990, 2972, 11054, 17233, 37626, 4824, 8051, 231, 36783, 47219, 116, 42540, 16324, 16206, 7945, 50556], "temperature": 0.0, "avg_logprob": -0.08421007792154948, "compression_ratio": 1.3043478260869565, "no_speech_prob": 4.3152157194747964e-12}, {"id": 1, "seek": 0, "start": 3.8200000000000003, "end": 10.58, "text": "\u5929\u7136\u306e\u4fdd\u6e7f\u6210\u5206\u304c\u542b\u307e\u308c\u308b\u305f\u3081\u808c\u306b\u6f64\u3044\u3092\u4e0e\u3048\u5065\u3084\u304b\u306b\u4fdd\u3061\u307e\u3059", "tokens": [50556, 6135, 5823, 2972, 24302, 33744, 123, 11336, 6627, 5142, 2392, 104, 2889, 35367, 49983, 14356, 234, 4108, 35622, 97, 1764, 5998, 940, 236, 6474, 44201, 7355, 3703, 4108, 24302, 6574, 5368, 50894], "temperature": 0.0, "avg_logprob": -0.08421007792154948, "compression_ratio": 1.3043478260869565, "no_speech_prob": 4.3152157194747964e-12}, {"id": 2, "seek": 0, "start": 10.58, "end": 16.76, "text": "\u304a\u808c\u306e\u3053\u3068\u3067\u304a\u60a9\u307f\u306e\u65b9\u306f\u305c\u3072\u4e00\u5ea6\u7121\u6dfb\u52a0\u30b7\u30e3\u30dc\u30f3\u7389\u77f3\u9e78\u3092\u304a\u8a66\u3057\u304f\u3060\u3055\u3044", "tokens": [50894, 6117, 14356, 234, 2972, 13235, 2474, 6117, 14696, 102, 11362, 2972, 9249, 3065, 20258, 26950, 2257, 13127, 16976, 14176, 119, 9990, 11054, 17233, 37626, 4824, 8051, 231, 36783, 47219, 116, 5998, 6117, 22099, 2849, 25079, 51203], "temperature": 0.0, "avg_logprob": -0.08421007792154948, "compression_ratio": 1.3043478260869565, "no_speech_prob": 4.3152157194747964e-12}, {"id": 3, "seek": 0, "start": 16.76, "end": 22.42, "text": "\u304a\u6c42\u3081\u306f0120-0055-95\u307e\u3067", "tokens": [51203, 6117, 32718, 11429, 3065, 10607, 2009, 12, 628, 13622, 12, 15718, 28176, 51486], "temperature": 0.0, "avg_logprob": -0.08421007792154948, "compression_ratio": 1.3043478260869565, "no_speech_prob": 4.3152157194747964e-12}], "language": "Japanese"}